Time(h),1R1,2R1,3R1,4R1,CN1R1,CN2R1,W,1R2,2R2,3R2,4R2,CN1R2,CN2R2,W,1R3,2R3,3R3,4R3,CN1R3,CN2R3,W,1R4,2R4,3R4,4R4,CN1R4,CN2R4,W,W,W,W,W,W,W,W
0,0.351,0.404,0.409,0.403,0.435,0.403,0.122,0.339,0.36,0.39,0.441,0.433,0.407,0.133,0.37,0.407,0.416,0.433,0.45,0.456,0.142,0.344,0.271,0.415,0.378,0.546,0.427,0.154,0.155,0.17,0.167,0.174,0.165,0.163,0.152
0.083333333,0.348,0.407,0.436,0.42,0.444,0.43,0.154,0.345,0.385,0.398,0.455,0.468,0.427,0.163,0.405,0.391,0.459,0.47,0.497,0.495,0.169,0.367,0.307,0.481,0.399,0.55,0.448,0.181,0.175,0.191,0.188,0.199,0.185,0.189,0.182
0.166666667,0.342,0.403,0.418,0.424,0.454,0.432,0.175,0.343,0.395,0.387,0.465,0.485,0.43,0.183,0.392,0.383,0.452,0.473,0.523,0.504,0.19,0.368,0.317,0.509,0.418,0.553,0.448,0.203,0.186,0.205,0.206,0.218,0.203,0.207,0.202
0.25,0.336,0.401,0.409,0.423,0.448,0.42,0.185,0.332,0.393,0.387,0.462,0.499,0.413,0.195,0.374,0.38,0.445,0.473,0.536,0.501,0.201,0.389,0.337,0.505,0.42,0.559,0.434,0.215,0.192,0.212,0.216,0.228,0.212,0.219,0.213
0.333333333,0.327,0.402,0.409,0.414,0.436,0.425,0.189,0.335,0.407,0.383,0.47,0.51,0.414,0.198,0.352,0.378,0.413,0.45,0.522,0.498,0.207,0.357,0.315,0.488,0.403,0.549,0.423,0.22,0.196,0.218,0.226,0.239,0.222,0.228,0.221
0.416666667,0.315,0.397,0.38,0.396,0.435,0.426,0.198,0.323,0.391,0.37,0.418,0.471,0.417,0.202,0.355,0.382,0.417,0.435,0.502,0.511,0.211,0.372,0.302,0.475,0.368,0.519,0.418,0.22,0.193,0.216,0.228,0.24,0.225,0.23,0.225
0.5,0.315,0.386,0.368,0.382,0.42,0.432,0.189,0.321,0.396,0.383,0.41,0.451,0.415,0.198,0.345,0.36,0.396,0.4,0.459,0.506,0.208,0.358,0.307,0.432,0.35,0.499,0.409,0.217,0.187,0.214,0.223,0.236,0.221,0.225,0.217
0.583333333,0.325,0.373,0.372,0.378,0.415,0.419,0.183,0.321,0.392,0.375,0.418,0.448,0.423,0.195,0.347,0.373,0.402,0.408,0.438,0.512,0.2,0.349,0.31,0.405,0.344,0.487,0.421,0.213,0.181,0.205,0.213,0.227,0.216,0.218,0.209
0.666666667,0.314,0.359,0.354,0.365,0.397,0.425,0.164,0.31,0.38,0.365,0.407,0.446,0.416,0.184,0.327,0.348,0.391,0.397,0.433,0.501,0.191,0.339,0.298,0.403,0.341,0.492,0.417,0.201,0.173,0.195,0.206,0.22,0.209,0.209,0.199
0.75,0.327,0.37,0.36,0.371,0.408,0.423,0.151,0.306,0.376,0.354,0.389,0.44,0.427,0.171,0.328,0.361,0.402,0.406,0.445,0.51,0.174,0.334,0.31,0.395,0.351,0.477,0.416,0.19,0.159,0.182,0.189,0.207,0.196,0.196,0.187
0.833333333,0.324,0.372,0.362,0.359,0.408,0.428,0.133,0.308,0.378,0.363,0.4,0.436,0.416,0.142,0.331,0.352,0.389,0.402,0.446,0.525,0.152,0.334,0.308,0.392,0.352,0.473,0.397,0.17,0.138,0.164,0.172,0.192,0.181,0.178,0.17
0.916666667,0.308,0.344,0.343,0.347,0.409,0.415,0.12,0.311,0.383,0.363,0.389,0.452,0.427,0.117,0.322,0.341,0.377,0.388,0.426,0.491,0.121,0.333,0.29,0.387,0.343,0.471,0.417,0.138,0.114,0.138,0.142,0.167,0.157,0.153,0.143
1,0.312,0.346,0.342,0.339,0.398,0.407,0.108,0.308,0.386,0.355,0.399,0.444,0.438,0.099,0.319,0.348,0.367,0.384,0.423,0.505,0.098,0.319,0.315,0.374,0.35,0.456,0.408,0.108,0.093,0.108,0.112,0.132,0.124,0.118,0.11
1.083333333,0.3,0.331,0.323,0.337,0.391,0.425,0.094,0.298,0.374,0.349,0.393,0.442,0.428,0.088,0.308,0.331,0.364,0.377,0.418,0.494,0.088,0.326,0.281,0.365,0.341,0.464,0.41,0.091,0.09,0.093,0.091,0.102,0.1,0.093,0.091
1.166666667,0.303,0.336,0.328,0.336,0.396,0.411,0.092,0.293,0.36,0.343,0.378,0.425,0.421,0.086,0.307,0.331,0.36,0.371,0.406,0.503,0.088,0.316,0.288,0.362,0.346,0.463,0.41,0.089,0.088,0.09,0.086,0.091,0.087,0.084,0.086
1.25,0.294,0.34,0.321,0.33,0.405,0.41,0.09,0.29,0.362,0.341,0.376,0.42,0.411,0.085,0.317,0.331,0.361,0.369,0.408,0.492,0.086,0.316,0.273,0.363,0.343,0.445,0.398,0.086,0.088,0.09,0.087,0.091,0.086,0.084,0.088
1.333333333,0.311,0.326,0.306,0.336,0.389,0.403,0.088,0.302,0.373,0.356,0.406,0.453,0.439,0.084,0.322,0.338,0.352,0.381,0.408,0.498,0.084,0.313,0.302,0.359,0.341,0.459,0.39,0.088,0.085,0.088,0.083,0.087,0.084,0.081,0.086
1.416666667,0.308,0.319,0.305,0.317,0.372,0.38,0.093,0.292,0.358,0.345,0.384,0.434,0.43,0.086,0.303,0.329,0.347,0.371,0.409,0.485,0.085,0.311,0.295,0.354,0.342,0.46,0.408,0.087,0.086,0.089,0.084,0.088,0.083,0.08,0.085
1.5,0.326,0.339,0.317,0.332,0.394,0.401,0.093,0.292,0.362,0.341,0.379,0.426,0.426,0.084,0.311,0.354,0.35,0.389,0.43,0.491,0.086,0.313,0.298,0.359,0.35,0.447,0.405,0.089,0.087,0.09,0.085,0.088,0.084,0.081,0.087
1.583333333,0.312,0.33,0.321,0.324,0.4,0.412,0.089,0.291,0.353,0.35,0.385,0.436,0.42,0.083,0.31,0.342,0.352,0.378,0.406,0.475,0.085,0.321,0.28,0.359,0.349,0.441,0.419,0.086,0.086,0.088,0.083,0.087,0.083,0.08,0.085
1.666666667,0.323,0.346,0.337,0.342,0.403,0.403,0.092,0.291,0.36,0.343,0.378,0.424,0.405,0.085,0.315,0.337,0.355,0.372,0.418,0.497,0.085,0.323,0.321,0.37,0.353,0.483,0.417,0.092,0.087,0.088,0.083,0.087,0.083,0.081,0.087
1.75,0.318,0.333,0.317,0.331,0.386,0.378,0.094,0.298,0.368,0.346,0.386,0.426,0.414,0.084,0.313,0.34,0.357,0.373,0.412,0.483,0.085,0.329,0.288,0.378,0.348,0.446,0.413,0.088,0.086,0.088,0.084,0.087,0.083,0.08,0.086
1.833333333,0.338,0.347,0.324,0.354,0.411,0.405,0.092,0.309,0.383,0.366,0.407,0.445,0.416,0.083,0.334,0.362,0.365,0.413,0.45,0.548,0.086,0.331,0.313,0.378,0.358,0.46,0.398,0.087,0.085,0.087,0.081,0.085,0.082,0.08,0.085
1.916666667,0.344,0.34,0.323,0.353,0.42,0.42,0.091,0.304,0.365,0.349,0.39,0.437,0.418,0.084,0.318,0.358,0.351,0.393,0.424,0.491,0.085,0.323,0.305,0.36,0.358,0.459,0.411,0.087,0.087,0.087,0.083,0.087,0.083,0.08,0.087
2,0.344,0.329,0.317,0.34,0.418,0.442,0.089,0.295,0.361,0.347,0.4,0.456,0.456,0.086,0.321,0.348,0.357,0.389,0.416,0.478,0.085,0.331,0.283,0.359,0.35,0.467,0.411,0.085,0.086,0.087,0.083,0.086,0.083,0.08,0.086
2.083333333,0.343,0.355,0.33,0.35,0.418,0.428,0.089,0.296,0.363,0.35,0.387,0.439,0.433,0.083,0.332,0.351,0.366,0.381,0.427,0.493,0.085,0.342,0.301,0.367,0.354,0.454,0.404,0.084,0.086,0.088,0.084,0.086,0.084,0.081,0.087
2.166666667,0.349,0.336,0.324,0.343,0.418,0.427,0.088,0.352,0.383,0.375,0.427,0.459,0.447,0.087,0.333,0.359,0.356,0.389,0.415,0.474,0.085,0.346,0.298,0.364,0.355,0.445,0.421,0.086,0.087,0.089,0.084,0.086,0.083,0.082,0.087
2.25,0.364,0.341,0.333,0.353,0.417,0.428,0.088,0.334,0.38,0.361,0.421,0.455,0.437,0.093,0.339,0.368,0.364,0.404,0.43,0.483,0.084,0.35,0.306,0.369,0.359,0.451,0.407,0.086,0.084,0.087,0.083,0.086,0.082,0.08,0.086
2.333333333,0.362,0.343,0.327,0.349,0.426,0.435,0.089,0.316,0.345,0.347,0.386,0.441,0.413,0.086,0.341,0.359,0.368,0.39,0.42,0.487,0.085,0.358,0.301,0.377,0.351,0.457,0.413,0.086,0.085,0.087,0.084,0.087,0.083,0.082,0.087
2.416666667,0.388,0.341,0.323,0.353,0.42,0.431,0.091,0.336,0.385,0.381,0.423,0.466,0.449,0.083,0.349,0.359,0.366,0.399,0.432,0.495,0.082,0.377,0.333,0.387,0.357,0.475,0.397,0.085,0.084,0.085,0.081,0.084,0.082,0.078,0.085
2.5,0.387,0.323,0.317,0.34,0.416,0.426,0.093,0.324,0.358,0.362,0.398,0.455,0.444,0.086,0.35,0.362,0.37,0.397,0.425,0.49,0.085,0.371,0.314,0.375,0.353,0.466,0.405,0.086,0.085,0.086,0.083,0.085,0.082,0.081,0.087
2.583333333,0.383,0.339,0.321,0.347,0.413,0.389,0.096,0.334,0.376,0.366,0.4,0.439,0.443,0.084,0.36,0.368,0.373,0.397,0.425,0.483,0.084,0.39,0.325,0.386,0.357,0.476,0.438,0.085,0.084,0.085,0.081,0.085,0.081,0.08,0.086
2.666666667,0.409,0.354,0.337,0.356,0.407,0.427,0.09,0.336,0.383,0.36,0.398,0.432,0.424,0.083,0.376,0.391,0.387,0.414,0.435,0.495,0.085,0.396,0.309,0.374,0.362,0.456,0.424,0.087,0.086,0.086,0.082,0.085,0.082,0.079,0.086
2.75,0.418,0.335,0.326,0.344,0.41,0.422,0.095,0.344,0.368,0.361,0.395,0.441,0.429,0.084,0.368,0.365,0.368,0.392,0.425,0.486,0.085,0.413,0.316,0.377,0.352,0.448,0.401,0.084,0.084,0.085,0.082,0.085,0.081,0.08,0.087
2.833333333,0.44,0.354,0.346,0.365,0.422,0.457,0.091,0.354,0.379,0.355,0.396,0.437,0.422,0.083,0.393,0.389,0.4,0.439,0.479,0.564,0.087,0.426,0.326,0.39,0.362,0.452,0.416,0.089,0.086,0.086,0.082,0.085,0.082,0.08,0.085
2.916666667,0.454,0.351,0.332,0.37,0.423,0.436,0.09,0.375,0.398,0.387,0.426,0.458,0.434,0.083,0.411,0.405,0.395,0.443,0.442,0.511,0.084,0.446,0.329,0.403,0.352,0.456,0.409,0.087,0.083,0.084,0.082,0.084,0.081,0.08,0.084
3,0.474,0.36,0.342,0.371,0.425,0.441,0.089,0.389,0.398,0.387,0.42,0.445,0.437,0.083,0.407,0.397,0.397,0.428,0.43,0.509,0.084,0.468,0.35,0.399,0.368,0.457,0.407,0.089,0.084,0.086,0.081,0.086,0.083,0.08,0.086
3.083333333,0.481,0.367,0.342,0.36,0.392,0.397,0.094,0.383,0.387,0.37,0.403,0.431,0.436,0.085,0.4,0.377,0.375,0.396,0.42,0.486,0.084,0.484,0.321,0.397,0.359,0.465,0.452,0.087,0.085,0.086,0.082,0.085,0.082,0.08,0.086
3.166666667,0.512,0.37,0.344,0.374,0.419,0.436,0.093,0.402,0.392,0.381,0.417,0.453,0.443,0.085,0.417,0.384,0.389,0.403,0.429,0.485,0.085,0.491,0.326,0.403,0.366,0.488,0.446,0.086,0.085,0.087,0.082,0.086,0.083,0.08,0.087
3.25,0.534,0.372,0.355,0.377,0.413,0.416,0.095,0.433,0.391,0.405,0.424,0.481,0.482,0.086,0.426,0.376,0.381,0.4,0.428,0.492,0.083,0.504,0.341,0.388,0.367,0.471,0.419,0.087,0.085,0.086,0.083,0.086,0.083,0.081,0.086
3.333333333,0.553,0.37,0.351,0.372,0.424,0.447,0.089,0.429,0.393,0.382,0.386,0.419,0.415,0.086,0.453,0.389,0.394,0.412,0.444,0.5,0.085,0.53,0.333,0.399,0.366,0.454,0.428,0.085,0.087,0.089,0.087,0.089,0.086,0.085,0.088
3.416666667,0.577,0.377,0.342,0.369,0.398,0.413,0.091,0.466,0.412,0.4,0.425,0.443,0.39,0.084,0.474,0.407,0.41,0.436,0.451,0.505,0.083,0.557,0.341,0.412,0.366,0.463,0.411,0.086,0.084,0.086,0.081,0.085,0.082,0.081,0.085
3.5,0.593,0.358,0.339,0.362,0.417,0.43,0.089,0.458,0.412,0.39,0.42,0.454,0.452,0.084,0.483,0.403,0.395,0.417,0.434,0.49,0.083,0.565,0.334,0.397,0.355,0.454,0.414,0.088,0.085,0.085,0.081,0.085,0.082,0.08,0.085
3.583333333,0.616,0.371,0.351,0.377,0.419,0.444,0.087,0.464,0.402,0.388,0.415,0.445,0.435,0.083,0.508,0.429,0.424,0.458,0.484,0.545,0.086,0.587,0.333,0.405,0.366,0.455,0.419,0.083,0.084,0.085,0.082,0.086,0.082,0.081,0.086
3.666666667,0.639,0.372,0.358,0.377,0.42,0.443,0.088,0.479,0.41,0.38,0.413,0.437,0.423,0.082,0.537,0.45,0.44,0.473,0.489,0.538,0.086,0.606,0.351,0.415,0.375,0.452,0.438,0.086,0.085,0.085,0.082,0.085,0.083,0.08,0.086
3.75,0.662,0.386,0.359,0.386,0.414,0.454,0.087,0.504,0.421,0.388,0.417,0.434,0.424,0.084,0.526,0.412,0.404,0.42,0.431,0.496,0.084,0.62,0.357,0.41,0.379,0.458,0.429,0.085,0.085,0.085,0.082,0.085,0.083,0.08,0.085
3.833333333,0.678,0.394,0.368,0.387,0.417,0.451,0.088,0.524,0.422,0.396,0.42,0.435,0.426,0.084,0.549,0.429,0.43,0.435,0.44,0.489,0.085,0.634,0.362,0.411,0.376,0.479,0.417,0.086,0.085,0.085,0.082,0.086,0.083,0.081,0.085
3.916666667,0.686,0.393,0.368,0.39,0.424,0.455,0.086,0.542,0.434,0.407,0.423,0.431,0.404,0.083,0.565,0.434,0.428,0.437,0.446,0.485,0.085,0.647,0.387,0.413,0.388,0.505,0.43,0.086,0.086,0.087,0.084,0.086,0.083,0.081,0.085
4,0.69,0.404,0.365,0.389,0.426,0.452,0.087,0.557,0.421,0.413,0.426,0.438,0.419,0.084,0.588,0.44,0.438,0.439,0.435,0.507,0.084,0.656,0.386,0.421,0.39,0.482,0.431,0.086,0.084,0.087,0.082,0.086,0.082,0.081,0.086
4.083333333,0.717,0.419,0.373,0.404,0.422,0.469,0.086,0.577,0.441,0.405,0.427,0.439,0.414,0.082,0.602,0.444,0.438,0.43,0.43,0.485,0.084,0.666,0.383,0.42,0.387,0.463,0.44,0.085,0.085,0.086,0.083,0.085,0.083,0.081,0.086
4.166666667,0.725,0.424,0.373,0.4,0.414,0.44,0.087,0.594,0.448,0.41,0.431,0.434,0.428,0.083,0.62,0.46,0.43,0.44,0.431,0.51,0.084,0.664,0.385,0.414,0.39,0.435,0.426,0.084,0.085,0.087,0.083,0.086,0.082,0.081,0.085
4.25,0.742,0.426,0.378,0.4,0.424,0.461,0.086,0.611,0.456,0.416,0.433,0.445,0.426,0.083,0.63,0.461,0.438,0.435,0.43,0.483,0.084,0.677,0.38,0.42,0.388,0.454,0.443,0.085,0.087,0.089,0.085,0.088,0.084,0.083,0.086
4.333333333,0.758,0.431,0.377,0.397,0.43,0.434,0.09,0.63,0.458,0.423,0.438,0.441,0.442,0.085,0.652,0.471,0.441,0.444,0.438,0.505,0.083,0.683,0.403,0.42,0.386,0.468,0.424,0.086,0.085,0.085,0.082,0.085,0.083,0.08,0.085
4.416666667,0.777,0.442,0.381,0.408,0.434,0.45,0.088,0.643,0.473,0.421,0.442,0.444,0.436,0.084,0.653,0.465,0.437,0.434,0.429,0.495,0.082,0.688,0.407,0.43,0.399,0.452,0.429,0.084,0.085,0.086,0.082,0.085,0.082,0.08,0.084
4.5,0.787,0.461,0.394,0.424,0.424,0.466,0.087,0.65,0.476,0.43,0.442,0.448,0.427,0.083,0.665,0.487,0.462,0.448,0.436,0.49,0.084,0.702,0.415,0.439,0.405,0.469,0.452,0.084,0.085,0.085,0.082,0.085,0.082,0.081,0.084
4.583333333,0.805,0.469,0.394,0.426,0.444,0.462,0.086,0.657,0.489,0.461,0.47,0.454,0.436,0.083,0.674,0.507,0.464,0.471,0.444,0.491,0.083,0.719,0.431,0.445,0.402,0.452,0.429,0.083,0.083,0.085,0.08,0.085,0.082,0.079,0.083
4.666666667,0.816,0.471,0.393,0.425,0.425,0.43,0.088,0.663,0.494,0.437,0.451,0.442,0.429,0.082,0.669,0.5,0.454,0.453,0.432,0.504,0.083,0.732,0.44,0.445,0.414,0.458,0.432,0.085,0.085,0.086,0.081,0.086,0.082,0.08,0.084
4.75,0.822,0.494,0.413,0.434,0.426,0.454,0.085,0.66,0.502,0.454,0.447,0.448,0.413,0.083,0.685,0.526,0.478,0.492,0.469,0.498,0.084,0.736,0.445,0.452,0.407,0.449,0.422,0.084,0.084,0.085,0.083,0.087,0.085,0.081,0.084
4.833333333,0.835,0.495,0.415,0.431,0.42,0.444,0.088,0.676,0.52,0.448,0.461,0.446,0.449,0.083,0.687,0.53,0.462,0.468,0.445,0.499,0.083,0.745,0.463,0.458,0.421,0.464,0.431,0.086,0.085,0.086,0.082,0.086,0.082,0.08,0.084
4.916666667,0.856,0.521,0.421,0.45,0.442,0.467,0.086,0.68,0.526,0.477,0.48,0.458,0.436,0.082,0.697,0.549,0.492,0.486,0.438,0.489,0.083,0.751,0.475,0.465,0.422,0.45,0.437,0.083,0.084,0.084,0.08,0.085,0.082,0.079,0.083
5,0.87,0.535,0.435,0.467,0.446,0.456,0.088,0.688,0.537,0.472,0.471,0.452,0.449,0.081,0.703,0.568,0.502,0.483,0.437,0.507,0.082,0.759,0.493,0.472,0.429,0.449,0.434,0.086,0.084,0.085,0.081,0.084,0.082,0.079,0.083
5.083333333,0.873,0.558,0.439,0.456,0.417,0.459,0.088,0.7,0.551,0.464,0.467,0.435,0.418,0.083,0.721,0.58,0.505,0.48,0.442,0.497,0.084,0.756,0.491,0.47,0.43,0.454,0.428,0.083,0.085,0.084,0.082,0.085,0.083,0.08,0.084
5.166666667,0.889,0.565,0.438,0.47,0.441,0.441,0.087,0.715,0.571,0.494,0.486,0.46,0.449,0.081,0.724,0.601,0.51,0.502,0.451,0.522,0.082,0.775,0.52,0.491,0.446,0.462,0.427,0.085,0.084,0.084,0.08,0.085,0.081,0.079,0.084
5.25,0.896,0.584,0.45,0.482,0.444,0.481,0.087,0.721,0.588,0.5,0.488,0.441,0.42,0.082,0.735,0.609,0.52,0.502,0.436,0.504,0.083,0.767,0.521,0.493,0.432,0.465,0.416,0.083,0.084,0.085,0.081,0.084,0.082,0.08,0.083
5.333333333,0.897,0.594,0.449,0.467,0.423,0.446,0.087,0.731,0.59,0.493,0.485,0.444,0.418,0.083,0.75,0.625,0.527,0.503,0.443,0.512,0.083,0.78,0.532,0.489,0.437,0.441,0.435,0.083,0.084,0.085,0.082,0.085,0.082,0.081,0.084
5.416666667,0.915,0.607,0.457,0.486,0.44,0.437,0.089,0.745,0.615,0.522,0.518,0.456,0.446,0.083,0.757,0.639,0.536,0.523,0.446,0.513,0.081,0.781,0.564,0.494,0.444,0.48,0.422,0.084,0.083,0.084,0.081,0.085,0.082,0.08,0.083
5.5,0.922,0.632,0.462,0.485,0.415,0.442,0.085,0.744,0.622,0.507,0.503,0.44,0.417,0.084,0.763,0.658,0.542,0.521,0.448,0.496,0.082,0.784,0.565,0.496,0.447,0.444,0.426,0.084,0.084,0.085,0.082,0.085,0.082,0.082,0.084
5.583333333,0.93,0.648,0.485,0.506,0.423,0.428,0.09,0.751,0.638,0.509,0.503,0.436,0.408,0.083,0.769,0.672,0.539,0.526,0.442,0.506,0.084,0.791,0.576,0.505,0.466,0.432,0.427,0.083,0.086,0.087,0.084,0.087,0.084,0.082,0.085
5.666666667,0.942,0.665,0.499,0.515,0.421,0.459,0.087,0.754,0.644,0.514,0.498,0.44,0.416,0.082,0.776,0.679,0.557,0.539,0.45,0.504,0.083,0.784,0.603,0.508,0.481,0.463,0.433,0.085,0.085,0.085,0.082,0.085,0.081,0.079,0.082
5.75,0.954,0.663,0.51,0.524,0.437,0.459,0.088,0.762,0.661,0.527,0.509,0.443,0.435,0.083,0.78,0.687,0.554,0.546,0.442,0.508,0.083,0.797,0.613,0.521,0.485,0.448,0.437,0.083,0.085,0.086,0.082,0.084,0.081,0.079,0.082
5.833333333,0.962,0.674,0.505,0.524,0.43,0.451,0.086,0.773,0.679,0.546,0.53,0.457,0.434,0.082,0.773,0.678,0.558,0.545,0.44,0.511,0.083,0.799,0.625,0.53,0.482,0.463,0.436,0.085,0.085,0.085,0.082,0.085,0.082,0.08,0.082
5.916666667,0.967,0.683,0.519,0.535,0.413,0.439,0.086,0.772,0.674,0.548,0.53,0.448,0.434,0.086,0.791,0.706,0.604,0.585,0.478,0.536,0.087,0.797,0.629,0.537,0.489,0.436,0.419,0.083,0.086,0.085,0.082,0.085,0.082,0.081,0.083
6,0.978,0.694,0.527,0.55,0.417,0.442,0.086,0.778,0.691,0.556,0.542,0.439,0.427,0.083,0.791,0.7,0.586,0.57,0.448,0.523,0.084,0.809,0.633,0.559,0.508,0.464,0.454,0.084,0.085,0.085,0.082,0.086,0.082,0.081,0.083
6.083333333,0.986,0.697,0.529,0.547,0.423,0.44,0.088,0.777,0.691,0.558,0.55,0.442,0.435,0.084,0.798,0.703,0.591,0.576,0.447,0.512,0.083,0.807,0.643,0.564,0.512,0.466,0.446,0.085,0.084,0.085,0.081,0.085,0.081,0.081,0.082
6.166666667,0.998,0.713,0.543,0.564,0.428,0.439,0.088,0.779,0.693,0.566,0.552,0.44,0.427,0.083,0.792,0.699,0.582,0.571,0.434,0.507,0.082,0.813,0.655,0.584,0.523,0.468,0.459,0.088,0.085,0.084,0.081,0.084,0.082,0.079,0.082
6.25,1.011,0.727,0.563,0.581,0.434,0.457,0.087,0.788,0.697,0.584,0.568,0.456,0.435,0.083,0.812,0.73,0.63,0.613,0.474,0.519,0.084,0.832,0.676,0.577,0.542,0.477,0.438,0.085,0.084,0.086,0.081,0.084,0.081,0.08,0.081
6.333333333,1.017,0.734,0.559,0.576,0.418,0.442,0.086,0.787,0.697,0.583,0.57,0.441,0.43,0.083,0.807,0.739,0.62,0.6,0.448,0.504,0.082,0.811,0.661,0.575,0.534,0.462,0.45,0.084,0.086,0.086,0.082,0.086,0.082,0.082,0.084
6.416666667,1.034,0.754,0.576,0.581,0.399,0.409,0.091,0.794,0.706,0.585,0.578,0.448,0.447,0.083,0.8,0.733,0.621,0.601,0.45,0.505,0.084,0.82,0.677,0.602,0.535,0.449,0.47,0.087,0.086,0.085,0.082,0.085,0.082,0.079,0.083
6.5,1.045,0.767,0.59,0.6,0.436,0.483,0.09,0.796,0.714,0.595,0.583,0.442,0.416,0.083,0.813,0.729,0.614,0.609,0.451,0.508,0.085,0.815,0.677,0.599,0.556,0.487,0.45,0.085,0.086,0.085,0.082,0.085,0.083,0.08,0.083
6.583333333,1.057,0.779,0.597,0.6,0.427,0.414,0.091,0.798,0.726,0.6,0.591,0.459,0.46,0.084,0.818,0.754,0.624,0.609,0.438,0.51,0.083,0.811,0.695,0.59,0.561,0.478,0.422,0.083,0.085,0.085,0.082,0.085,0.082,0.081,0.082
6.666666667,1.068,0.79,0.601,0.617,0.42,0.439,0.087,0.799,0.728,0.602,0.595,0.447,0.432,0.083,0.811,0.751,0.623,0.619,0.437,0.501,0.083,0.822,0.696,0.61,0.559,0.459,0.448,0.084,0.087,0.087,0.085,0.089,0.086,0.083,0.085
6.75,1.083,0.815,0.62,0.626,0.421,0.447,0.086,0.814,0.742,0.625,0.611,0.467,0.465,0.085,0.823,0.772,0.658,0.641,0.436,0.494,0.083,0.826,0.712,0.619,0.572,0.439,0.444,0.084,0.086,0.085,0.083,0.085,0.082,0.08,0.082
6.833333333,1.091,0.803,0.628,0.637,0.44,0.447,0.085,0.81,0.744,0.634,0.617,0.466,0.448,0.083,0.832,0.778,0.687,0.684,0.512,0.566,0.084,0.827,0.723,0.623,0.575,0.459,0.432,0.083,0.085,0.086,0.082,0.086,0.083,0.081,0.083
6.916666667,1.095,0.812,0.64,0.638,0.43,0.45,0.088,0.802,0.748,0.627,0.615,0.447,0.444,0.085,0.827,0.775,0.677,0.663,0.473,0.529,0.085,0.827,0.731,0.63,0.59,0.465,0.43,0.086,0.085,0.084,0.081,0.085,0.082,0.081,0.082
7,1.103,0.827,0.652,0.655,0.428,0.46,0.087,0.806,0.758,0.633,0.627,0.442,0.429,0.085,0.828,0.782,0.654,0.653,0.44,0.501,0.082,0.837,0.737,0.639,0.599,0.459,0.441,0.085,0.086,0.086,0.082,0.085,0.082,0.08,0.083
7.083333333,1.106,0.823,0.659,0.648,0.407,0.445,0.094,0.805,0.761,0.645,0.633,0.443,0.437,0.083,0.83,0.78,0.671,0.662,0.45,0.501,0.084,0.823,0.74,0.643,0.61,0.485,0.43,0.088,0.086,0.085,0.082,0.085,0.082,0.08,0.082
7.166666667,1.117,0.844,0.676,0.663,0.412,0.437,0.086,0.815,0.772,0.651,0.646,0.442,0.437,0.083,0.832,0.791,0.694,0.674,0.451,0.498,0.084,0.832,0.745,0.651,0.618,0.485,0.433,0.085,0.085,0.084,0.081,0.086,0.082,0.08,0.082
7.25,1.121,0.845,0.681,0.676,0.428,0.438,0.088,0.812,0.766,0.657,0.644,0.444,0.423,0.083,0.84,0.79,0.675,0.672,0.444,0.507,0.083,0.835,0.748,0.649,0.613,0.467,0.438,0.084,0.085,0.084,0.081,0.085,0.081,0.079,0.081
7.333333333,1.128,0.861,0.695,0.689,0.421,0.439,0.086,0.818,0.778,0.665,0.653,0.455,0.414,0.084,0.862,0.785,0.683,0.674,0.436,0.507,0.085,0.847,0.755,0.664,0.636,0.487,0.468,0.085,0.085,0.086,0.083,0.086,0.083,0.082,0.085
7.416666667,1.135,0.88,0.707,0.705,0.424,0.448,0.09,0.816,0.779,0.668,0.659,0.44,0.415,0.083,0.855,0.814,0.733,0.726,0.554,0.615,0.086,0.852,0.768,0.684,0.653,0.491,0.47,0.088,0.084,0.085,0.081,0.086,0.082,0.081,0.083
7.5,1.143,0.874,0.712,0.7,0.426,0.422,0.089,0.828,0.789,0.676,0.67,0.456,0.451,0.083,0.846,0.807,0.719,0.709,0.453,0.49,0.084,0.847,0.773,0.675,0.638,0.47,0.436,0.086,0.086,0.086,0.082,0.087,0.083,0.082,0.086
7.583333333,1.154,0.888,0.727,0.718,0.435,0.469,0.088,0.821,0.787,0.68,0.667,0.446,0.439,0.083,0.841,0.806,0.719,0.706,0.449,0.513,0.083,0.843,0.763,0.683,0.644,0.454,0.46,0.084,0.087,0.086,0.084,0.086,0.083,0.082,0.083
7.666666667,1.157,0.896,0.727,0.716,0.425,0.425,0.09,0.832,0.797,0.686,0.674,0.446,0.439,0.085,0.831,0.792,0.699,0.689,0.437,0.509,0.082,0.85,0.773,0.694,0.648,0.466,0.436,0.085,0.086,0.084,0.082,0.084,0.082,0.079,0.082
7.75,1.162,0.911,0.734,0.726,0.424,0.458,0.085,0.836,0.799,0.703,0.686,0.458,0.455,0.083,0.842,0.805,0.715,0.708,0.452,0.523,0.082,0.847,0.773,0.684,0.647,0.439,0.431,0.082,0.085,0.084,0.08,0.084,0.081,0.08,0.081
7.833333333,1.166,0.911,0.733,0.733,0.419,0.443,0.088,0.839,0.808,0.719,0.707,0.479,0.449,0.085,0.846,0.809,0.718,0.714,0.451,0.499,0.082,0.842,0.781,0.685,0.655,0.454,0.442,0.083,0.084,0.084,0.081,0.084,0.081,0.081,0.081
7.916666667,1.171,0.924,0.75,0.739,0.426,0.452,0.086,0.832,0.797,0.687,0.67,0.423,0.417,0.083,0.849,0.814,0.724,0.724,0.475,0.512,0.084,0.848,0.772,0.686,0.663,0.441,0.442,0.084,0.086,0.086,0.082,0.087,0.083,0.08,0.082
8,1.179,0.927,0.757,0.744,0.435,0.451,0.088,0.839,0.804,0.712,0.694,0.458,0.474,0.083,0.849,0.813,0.73,0.716,0.45,0.503,0.084,0.851,0.782,0.701,0.677,0.444,0.455,0.084,0.086,0.085,0.082,0.086,0.082,0.08,0.082
8.083333333,1.182,0.939,0.767,0.745,0.439,0.444,0.089,0.836,0.802,0.699,0.69,0.459,0.444,0.084,0.849,0.814,0.726,0.726,0.451,0.515,0.082,0.856,0.787,0.699,0.671,0.428,0.449,0.084,0.085,0.084,0.081,0.085,0.082,0.081,0.082
8.166666667,1.19,0.944,0.776,0.762,0.432,0.462,0.086,0.832,0.804,0.715,0.703,0.448,0.422,0.083,0.847,0.808,0.724,0.722,0.441,0.485,0.082,0.855,0.786,0.707,0.677,0.446,0.451,0.083,0.086,0.084,0.081,0.085,0.082,0.08,0.082
8.25,1.197,0.956,0.783,0.761,0.425,0.446,0.087,0.845,0.822,0.719,0.719,0.441,0.417,0.083,0.852,0.822,0.747,0.742,0.467,0.506,0.084,0.852,0.797,0.704,0.686,0.438,0.432,0.085,0.086,0.085,0.081,0.085,0.082,0.081,0.082
8.333333333,1.202,0.961,0.782,0.766,0.417,0.426,0.089,0.838,0.812,0.721,0.711,0.443,0.424,0.083,0.847,0.817,0.738,0.728,0.439,0.487,0.082,0.857,0.789,0.717,0.688,0.439,0.46,0.082,0.085,0.086,0.082,0.086,0.082,0.08,0.082
8.416666667,1.205,0.966,0.787,0.768,0.426,0.433,0.089,0.841,0.824,0.73,0.723,0.45,0.448,0.084,0.847,0.818,0.735,0.727,0.44,0.504,0.082,0.855,0.805,0.734,0.697,0.461,0.433,0.086,0.085,0.085,0.081,0.084,0.082,0.079,0.082
8.5,1.211,0.982,0.804,0.785,0.418,0.465,0.088,0.842,0.821,0.731,0.72,0.446,0.43,0.082,0.857,0.829,0.756,0.742,0.453,0.508,0.083,0.857,0.797,0.728,0.699,0.45,0.451,0.083,0.086,0.085,0.082,0.085,0.082,0.08,0.082
8.583333333,1.214,0.986,0.806,0.787,0.43,0.453,0.088,0.844,0.822,0.73,0.718,0.441,0.423,0.083,0.857,0.824,0.744,0.737,0.448,0.51,0.083,0.86,0.805,0.725,0.698,0.442,0.454,0.083,0.085,0.085,0.081,0.084,0.082,0.08,0.082
8.666666667,1.219,0.997,0.809,0.793,0.427,0.456,0.085,0.852,0.829,0.744,0.729,0.455,0.438,0.083,0.865,0.838,0.766,0.748,0.447,0.486,0.083,0.863,0.809,0.725,0.697,0.454,0.439,0.083,0.084,0.084,0.08,0.084,0.081,0.078,0.081
8.75,1.225,1.008,0.822,0.801,0.422,0.45,0.089,0.854,0.835,0.744,0.734,0.443,0.427,0.083,0.861,0.831,0.762,0.749,0.454,0.506,0.084,0.864,0.808,0.731,0.708,0.435,0.441,0.083,0.085,0.085,0.081,0.085,0.082,0.08,0.081
8.833333333,1.229,1.011,0.822,0.8,0.425,0.433,0.09,0.853,0.834,0.742,0.732,0.453,0.445,0.083,0.864,0.828,0.753,0.741,0.445,0.508,0.082,0.869,0.815,0.731,0.711,0.46,0.446,0.085,0.085,0.084,0.081,0.084,0.081,0.08,0.081
8.916666667,1.235,1.019,0.835,0.81,0.424,0.437,0.091,0.855,0.837,0.749,0.741,0.449,0.428,0.082,0.867,0.839,0.773,0.759,0.457,0.509,0.083,0.86,0.812,0.731,0.714,0.453,0.456,0.085,0.085,0.085,0.082,0.086,0.082,0.079,0.081
9,1.242,1.025,0.837,0.817,0.438,0.454,0.086,0.857,0.83,0.745,0.735,0.444,0.436,0.081,0.867,0.833,0.765,0.756,0.453,0.538,0.083,0.871,0.817,0.746,0.721,0.426,0.453,0.083,0.085,0.085,0.081,0.084,0.081,0.079,0.082
9.083333333,1.244,1.034,0.843,0.815,0.421,0.418,0.089,0.856,0.831,0.745,0.729,0.449,0.444,0.083,0.854,0.831,0.755,0.747,0.437,0.504,0.082,0.867,0.827,0.747,0.722,0.444,0.44,0.085,0.085,0.085,0.081,0.084,0.082,0.079,0.081
9.166666667,1.246,1.041,0.845,0.828,0.425,0.469,0.086,0.852,0.834,0.746,0.732,0.449,0.445,0.082,0.862,0.836,0.769,0.755,0.449,0.497,0.083,0.866,0.819,0.744,0.724,0.429,0.458,0.084,0.086,0.085,0.082,0.085,0.082,0.079,0.082
9.25,1.253,1.048,0.852,0.829,0.439,0.461,0.087,0.855,0.831,0.751,0.726,0.459,0.438,0.085,0.863,0.839,0.761,0.753,0.443,0.495,0.082,0.869,0.831,0.751,0.736,0.468,0.445,0.084,0.086,0.085,0.081,0.085,0.082,0.08,0.082
9.333333333,1.252,1.061,0.862,0.831,0.43,0.448,0.086,0.853,0.841,0.757,0.74,0.462,0.447,0.083,0.873,0.849,0.775,0.773,0.471,0.489,0.083,0.873,0.822,0.745,0.738,0.447,0.447,0.083,0.085,0.084,0.081,0.085,0.082,0.08,0.081
9.416666667,1.254,1.067,0.859,0.834,0.418,0.428,0.086,0.857,0.839,0.762,0.743,0.447,0.454,0.083,0.87,0.836,0.773,0.75,0.455,0.508,0.083,0.871,0.837,0.75,0.729,0.43,0.438,0.083,0.086,0.084,0.081,0.085,0.081,0.079,0.081
9.5,1.264,1.081,0.872,0.855,0.433,0.46,0.088,0.861,0.847,0.769,0.751,0.451,0.441,0.083,0.874,0.845,0.786,0.761,0.465,0.54,0.086,0.874,0.831,0.763,0.749,0.422,0.451,0.084,0.087,0.086,0.081,0.085,0.081,0.08,0.081
9.583333333,1.264,1.087,0.871,0.848,0.418,0.443,0.087,0.858,0.845,0.767,0.749,0.438,0.428,0.082,0.878,0.849,0.78,0.775,0.469,0.518,0.084,0.863,0.83,0.754,0.738,0.447,0.431,0.083,0.086,0.084,0.081,0.085,0.082,0.079,0.081
9.666666667,1.267,1.086,0.875,0.857,0.428,0.43,0.088,0.872,0.855,0.778,0.763,0.454,0.444,0.084,0.876,0.855,0.793,0.776,0.442,0.518,0.082,0.873,0.833,0.765,0.738,0.431,0.437,0.087,0.086,0.086,0.081,0.085,0.081,0.081,0.081
9.75,1.271,1.101,0.88,0.856,0.433,0.459,0.089,0.869,0.851,0.772,0.757,0.443,0.42,0.084,0.884,0.857,0.789,0.773,0.473,0.522,0.085,0.878,0.836,0.761,0.753,0.453,0.459,0.086,0.087,0.086,0.082,0.085,0.082,0.081,0.082
9.833333333,1.274,1.101,0.886,0.862,0.433,0.462,0.089,0.86,0.853,0.772,0.758,0.441,0.414,0.084,0.874,0.849,0.792,0.777,0.459,0.523,0.084,0.868,0.841,0.769,0.753,0.459,0.447,0.085,0.086,0.086,0.082,0.086,0.083,0.08,0.082
9.916666667,1.276,1.104,0.888,0.867,0.441,0.456,0.09,0.868,0.854,0.778,0.758,0.443,0.436,0.084,0.874,0.855,0.795,0.775,0.441,0.507,0.084,0.873,0.842,0.776,0.754,0.446,0.439,0.086,0.086,0.084,0.081,0.084,0.082,0.08,0.082
10,1.284,1.11,0.886,0.86,0.414,0.434,0.09,0.866,0.846,0.782,0.763,0.446,0.447,0.085,0.885,0.849,0.788,0.776,0.461,0.521,0.082,0.886,0.838,0.769,0.749,0.442,0.454,0.084,0.086,0.085,0.082,0.085,0.081,0.081,0.081
10.08333333,1.286,1.111,0.895,0.872,0.431,0.476,0.089,0.867,0.848,0.78,0.764,0.457,0.431,0.083,0.873,0.86,0.793,0.778,0.438,0.486,0.083,0.884,0.843,0.774,0.763,0.482,0.463,0.084,0.086,0.085,0.082,0.085,0.082,0.08,0.082
10.16666667,1.29,1.12,0.902,0.874,0.398,0.416,0.091,0.872,0.854,0.788,0.766,0.448,0.451,0.082,0.879,0.855,0.793,0.778,0.447,0.517,0.083,0.888,0.854,0.777,0.766,0.442,0.471,0.086,0.086,0.085,0.082,0.085,0.081,0.08,0.082
10.25,1.292,1.124,0.905,0.878,0.428,0.439,0.089,0.867,0.863,0.789,0.775,0.442,0.441,0.085,0.89,0.859,0.794,0.783,0.452,0.514,0.083,0.888,0.848,0.775,0.76,0.457,0.456,0.084,0.086,0.086,0.083,0.086,0.083,0.083,0.084
10.33333333,1.295,1.13,0.914,0.881,0.413,0.447,0.087,0.867,0.858,0.788,0.775,0.447,0.431,0.084,0.885,0.862,0.801,0.788,0.461,0.49,0.084,0.884,0.85,0.777,0.775,0.488,0.47,0.084,0.086,0.085,0.083,0.085,0.082,0.081,0.082
10.41666667,1.298,1.126,0.919,0.887,0.423,0.439,0.088,0.87,0.862,0.793,0.779,0.442,0.444,0.083,0.886,0.857,0.797,0.784,0.443,0.507,0.082,0.888,0.846,0.772,0.754,0.433,0.453,0.086,0.087,0.086,0.083,0.087,0.083,0.082,0.084
10.5,1.303,1.135,0.931,0.894,0.434,0.442,0.091,0.868,0.853,0.782,0.756,0.449,0.419,0.084,0.884,0.864,0.8,0.787,0.476,0.526,0.083,0.882,0.848,0.767,0.766,0.456,0.459,0.083,0.087,0.086,0.082,0.085,0.082,0.08,0.081
10.58333333,1.304,1.139,0.933,0.895,0.412,0.432,0.091,0.874,0.86,0.796,0.78,0.444,0.444,0.082,0.882,0.86,0.798,0.788,0.454,0.508,0.083,0.894,0.855,0.786,0.785,0.471,0.477,0.086,0.086,0.085,0.081,0.085,0.081,0.08,0.081
10.66666667,1.307,1.149,0.932,0.895,0.41,0.439,0.086,0.878,0.869,0.796,0.78,0.447,0.435,0.083,0.887,0.856,0.796,0.786,0.45,0.507,0.083,0.892,0.866,0.777,0.794,0.509,0.462,0.086,0.086,0.084,0.081,0.085,0.082,0.081,0.082
10.75,1.309,1.145,0.946,0.913,0.442,0.481,0.092,0.875,0.868,0.796,0.783,0.44,0.413,0.083,0.885,0.864,0.809,0.794,0.452,0.505,0.084,0.887,0.863,0.776,0.786,0.521,0.45,0.089,0.086,0.086,0.083,0.086,0.083,0.082,0.082
10.83333333,1.309,1.157,0.944,0.91,0.427,0.437,0.089,0.871,0.86,0.785,0.767,0.449,0.423,0.084,0.892,0.866,0.805,0.794,0.449,0.513,0.083,0.881,0.851,0.772,0.775,0.461,0.449,0.084,0.086,0.086,0.082,0.086,0.082,0.082,0.082
10.91666667,1.311,1.155,0.955,0.919,0.425,0.462,0.087,0.876,0.867,0.799,0.787,0.447,0.425,0.082,0.884,0.861,0.802,0.783,0.444,0.519,0.083,0.888,0.867,0.792,0.778,0.456,0.467,0.084,0.086,0.085,0.082,0.085,0.082,0.081,0.081
11,1.312,1.162,0.956,0.923,0.435,0.473,0.085,0.878,0.856,0.776,0.763,0.42,0.399,0.086,0.889,0.861,0.798,0.786,0.461,0.527,0.084,0.883,0.853,0.787,0.777,0.463,0.449,0.082,0.085,0.085,0.083,0.086,0.082,0.081,0.084
11.08333333,1.314,1.161,0.956,0.927,0.435,0.468,0.087,0.883,0.864,0.799,0.788,0.453,0.472,0.085,0.899,0.868,0.812,0.801,0.446,0.508,0.084,0.892,0.857,0.795,0.779,0.459,0.451,0.084,0.085,0.085,0.083,0.085,0.082,0.081,0.083
11.16666667,1.32,1.169,0.966,0.932,0.428,0.465,0.088,0.882,0.864,0.801,0.777,0.465,0.476,0.085,0.902,0.877,0.825,0.803,0.455,0.5,0.083,0.889,0.859,0.792,0.781,0.44,0.451,0.083,0.087,0.085,0.082,0.085,0.082,0.08,0.082
11.25,1.317,1.17,0.961,0.932,0.423,0.435,0.089,0.879,0.865,0.798,0.775,0.455,0.457,0.086,0.899,0.876,0.819,0.802,0.481,0.54,0.084,0.897,0.854,0.789,0.777,0.454,0.443,0.083,0.086,0.086,0.083,0.088,0.084,0.084,0.085
11.33333333,1.319,1.169,0.971,0.936,0.425,0.459,0.086,0.877,0.865,0.793,0.768,0.435,0.419,0.085,0.899,0.873,0.833,0.801,0.472,0.519,0.084,0.893,0.855,0.79,0.779,0.463,0.456,0.083,0.086,0.085,0.083,0.087,0.083,0.083,0.084
11.41666667,1.322,1.176,0.976,0.943,0.428,0.463,0.085,0.88,0.87,0.802,0.783,0.442,0.421,0.085,0.906,0.873,0.838,0.818,0.457,0.517,0.084,0.897,0.859,0.794,0.781,0.46,0.448,0.084,0.085,0.086,0.082,0.086,0.082,0.081,0.082
11.5,1.326,1.181,0.981,0.954,0.432,0.484,0.086,0.879,0.872,0.806,0.788,0.449,0.438,0.083,0.905,0.882,0.823,0.796,0.537,0.626,0.086,0.891,0.869,0.798,0.791,0.496,0.461,0.085,0.086,0.085,0.083,0.086,0.082,0.081,0.082
11.58333333,1.324,1.183,0.983,0.946,0.429,0.456,0.086,0.879,0.863,0.799,0.77,0.443,0.425,0.086,0.906,0.878,0.826,0.805,0.508,0.58,0.086,0.896,0.86,0.787,0.788,0.468,0.462,0.084,0.086,0.087,0.084,0.087,0.083,0.083,0.084
11.66666667,1.331,1.18,0.985,0.956,0.45,0.486,0.09,0.882,0.876,0.812,0.791,0.464,0.45,0.084,0.888,0.872,0.814,0.797,0.442,0.501,0.083,0.898,0.866,0.829,0.789,0.485,0.449,0.086,0.086,0.085,0.082,0.085,0.082,0.08,0.082
11.75,1.327,1.183,0.992,0.954,0.445,0.481,0.09,0.881,0.874,0.803,0.788,0.445,0.424,0.083,0.894,0.87,0.809,0.8,0.442,0.499,0.083,0.9,0.872,0.807,0.799,0.502,0.462,0.085,0.086,0.086,0.083,0.086,0.081,0.081,0.082
11.83333333,1.328,1.189,0.993,0.958,0.435,0.469,0.089,0.879,0.871,0.799,0.784,0.447,0.425,0.084,0.897,0.882,0.815,0.804,0.453,0.526,0.083,0.895,0.86,0.795,0.784,0.452,0.457,0.085,0.088,0.087,0.085,0.087,0.083,0.082,0.084
11.91666667,1.332,1.201,0.994,0.952,0.425,0.441,0.09,0.891,0.882,0.819,0.794,0.454,0.443,0.084,0.892,0.867,0.802,0.794,0.447,0.51,0.082,0.901,0.868,0.827,0.792,0.474,0.442,0.085,0.087,0.087,0.085,0.088,0.083,0.083,0.084
12,1.335,1.196,1.006,0.962,0.422,0.466,0.091,0.884,0.88,0.814,0.787,0.437,0.414,0.084,0.908,0.885,0.831,0.807,0.473,0.532,0.084,0.898,0.858,0.803,0.791,0.468,0.455,0.084,0.085,0.085,0.082,0.085,0.081,0.081,0.082
12.08333333,1.334,1.197,1.004,0.961,0.408,0.412,0.091,0.891,0.879,0.82,0.794,0.467,0.459,0.084,0.898,0.877,0.815,0.808,0.434,0.5,0.083,0.896,0.868,0.805,0.797,0.45,0.448,0.086,0.085,0.085,0.08,0.083,0.081,0.08,0.081
12.16666667,1.339,1.203,1.016,0.973,0.434,0.473,0.088,0.883,0.879,0.816,0.795,0.445,0.445,0.083,0.907,0.885,0.835,0.808,0.48,0.551,0.086,0.902,0.859,0.808,0.792,0.455,0.472,0.084,0.086,0.086,0.082,0.085,0.082,0.08,0.082
12.25,1.337,1.206,1.018,0.978,0.411,0.448,0.085,0.886,0.884,0.82,0.8,0.446,0.443,0.083,0.911,0.889,0.836,0.812,0.513,0.577,0.085,0.898,0.86,0.808,0.785,0.435,0.467,0.083,0.085,0.084,0.081,0.084,0.081,0.08,0.081
12.33333333,1.338,1.206,1.018,0.981,0.427,0.458,0.086,0.884,0.882,0.814,0.794,0.442,0.434,0.085,0.911,0.891,0.833,0.815,0.465,0.527,0.085,0.903,0.866,0.8,0.788,0.447,0.458,0.083,0.085,0.085,0.082,0.086,0.082,0.081,0.081
12.41666667,1.341,1.207,1.024,0.988,0.43,0.471,0.087,0.886,0.884,0.822,0.796,0.449,0.449,0.083,0.9,0.876,0.828,0.805,0.453,0.498,0.083,0.906,0.873,0.804,0.787,0.443,0.474,0.083,0.086,0.086,0.085,0.086,0.082,0.081,0.082
12.5,1.342,1.215,1.032,0.987,0.433,0.445,0.086,0.892,0.883,0.82,0.795,0.451,0.436,0.083,0.898,0.881,0.819,0.806,0.451,0.519,0.082,0.902,0.859,0.806,0.791,0.418,0.463,0.082,0.085,0.086,0.082,0.085,0.082,0.081,0.082
12.58333333,1.346,1.22,1.035,0.996,0.433,0.459,0.087,0.889,0.882,0.82,0.796,0.445,0.44,0.084,0.897,0.88,0.821,0.804,0.465,0.522,0.083,0.904,0.877,0.815,0.797,0.427,0.454,0.084,0.086,0.086,0.082,0.085,0.082,0.079,0.081
12.66666667,1.344,1.218,1.038,0.994,0.434,0.458,0.088,0.904,0.892,0.826,0.794,0.482,0.45,0.084,0.898,0.875,0.823,0.803,0.444,0.506,0.083,0.898,0.864,0.807,0.798,0.459,0.447,0.083,0.084,0.084,0.081,0.084,0.081,0.08,0.081
12.75,1.344,1.212,1.036,0.997,0.429,0.458,0.087,0.892,0.877,0.811,0.794,0.45,0.474,0.083,0.904,0.883,0.822,0.803,0.453,0.489,0.082,0.906,0.867,0.816,0.801,0.449,0.466,0.082,0.085,0.085,0.082,0.085,0.082,0.079,0.081
12.83333333,1.345,1.217,1.04,0.996,0.428,0.453,0.088,0.892,0.877,0.823,0.796,0.457,0.48,0.084,0.903,0.882,0.829,0.803,0.459,0.503,0.084,0.898,0.871,0.809,0.797,0.447,0.451,0.083,0.086,0.086,0.082,0.086,0.082,0.08,0.081
12.91666667,1.346,1.223,1.049,1.006,0.432,0.468,0.088,0.889,0.881,0.814,0.788,0.451,0.456,0.082,0.895,0.88,0.825,0.81,0.459,0.514,0.082,0.904,0.866,0.812,0.795,0.447,0.458,0.084,0.086,0.085,0.082,0.085,0.082,0.079,0.082
13,1.349,1.23,1.052,1.004,0.421,0.442,0.088,0.886,0.882,0.816,0.797,0.451,0.457,0.085,0.899,0.877,0.813,0.8,0.443,0.499,0.082,0.902,0.881,0.807,0.791,0.472,0.449,0.083,0.083,0.084,0.081,0.084,0.081,0.079,0.081
13.08333333,1.352,1.228,1.059,1.012,0.438,0.473,0.088,0.891,0.886,0.823,0.801,0.442,0.441,0.082,0.895,0.878,0.823,0.801,0.447,0.517,0.083,0.908,0.873,0.813,0.794,0.463,0.458,0.082,0.084,0.085,0.082,0.085,0.081,0.081,0.081
13.16666667,1.353,1.231,1.056,0.999,0.395,0.417,0.099,0.892,0.887,0.83,0.8,0.449,0.447,0.085,0.901,0.883,0.819,0.81,0.458,0.511,0.082,0.903,0.88,0.812,0.794,0.46,0.448,0.084,0.084,0.084,0.081,0.084,0.081,0.08,0.08
13.25,1.357,1.233,1.067,1.024,0.437,0.469,0.088,0.89,0.883,0.828,0.811,0.442,0.444,0.082,0.905,0.885,0.833,0.81,0.467,0.517,0.083,0.906,0.875,0.823,0.798,0.439,0.457,0.084,0.085,0.085,0.082,0.085,0.082,0.08,0.081
13.33333333,1.353,1.23,1.066,1.015,0.436,0.454,0.089,0.894,0.891,0.826,0.803,0.449,0.429,0.084,0.904,0.878,0.821,0.804,0.446,0.52,0.083,0.907,0.874,0.814,0.799,0.451,0.451,0.083,0.085,0.085,0.082,0.084,0.082,0.08,0.081
13.41666667,1.354,1.235,1.068,1.022,0.426,0.454,0.085,0.892,0.886,0.818,0.803,0.443,0.435,0.083,0.912,0.89,0.825,0.814,0.454,0.525,0.083,0.909,0.872,0.806,0.792,0.432,0.457,0.083,0.085,0.085,0.082,0.085,0.081,0.081,0.082
13.5,1.355,1.237,1.072,1.02,0.423,0.437,0.088,0.897,0.894,0.833,0.815,0.454,0.451,0.084,0.899,0.878,0.819,0.799,0.458,0.522,0.083,0.91,0.885,0.823,0.807,0.463,0.446,0.086,0.085,0.084,0.082,0.085,0.081,0.079,0.081
13.58333333,1.353,1.237,1.07,1.018,0.423,0.431,0.091,0.897,0.889,0.837,0.806,0.451,0.429,0.083,0.9,0.881,0.823,0.807,0.452,0.51,0.084,0.906,0.875,0.815,0.798,0.449,0.463,0.085,0.085,0.085,0.081,0.085,0.082,0.08,0.08
13.66666667,1.355,1.242,1.079,1.027,0.429,0.468,0.088,0.889,0.885,0.844,0.803,0.447,0.444,0.083,0.905,0.884,0.827,0.81,0.461,0.517,0.083,0.903,0.875,0.815,0.794,0.44,0.467,0.083,0.086,0.085,0.082,0.086,0.082,0.08,0.082
13.75,1.358,1.24,1.081,1.028,0.422,0.441,0.088,0.906,0.897,0.836,0.81,0.456,0.436,0.083,0.901,0.878,0.824,0.808,0.442,0.515,0.083,0.91,0.876,0.816,0.796,0.446,0.467,0.082,0.084,0.084,0.081,0.085,0.081,0.079,0.08
13.83333333,1.36,1.245,1.084,1.034,0.43,0.462,0.086,0.892,0.882,0.82,0.79,0.454,0.45,0.083,0.906,0.887,0.824,0.81,0.441,0.49,0.081,0.91,0.877,0.817,0.801,0.465,0.463,0.082,0.085,0.084,0.082,0.084,0.081,0.08,0.08
13.91666667,1.36,1.254,1.095,1.038,0.434,0.483,0.089,0.895,0.887,0.823,0.794,0.448,0.442,0.082,0.909,0.891,0.837,0.81,0.468,0.514,0.083,0.9,0.877,0.819,0.8,0.467,0.456,0.083,0.085,0.085,0.082,0.085,0.082,0.08,0.081
14,1.362,1.249,1.091,1.04,0.434,0.468,0.087,0.897,0.89,0.827,0.802,0.456,0.431,0.083,0.907,0.888,0.83,0.813,0.457,0.51,0.083,0.911,0.871,0.824,0.803,0.468,0.457,0.083,0.084,0.084,0.081,0.084,0.082,0.08,0.081
14.08333333,1.364,1.25,1.099,1.047,0.438,0.484,0.087,0.896,0.894,0.838,0.804,0.465,0.45,0.084,0.901,0.879,0.822,0.809,0.442,0.515,0.082,0.911,0.873,0.823,0.801,0.469,0.448,0.083,0.084,0.085,0.082,0.085,0.082,0.08,0.081
14.16666667,1.363,1.249,1.1,1.048,0.427,0.454,0.086,0.903,0.892,0.833,0.803,0.468,0.432,0.083,0.909,0.886,0.828,0.801,0.463,0.521,0.083,0.907,0.87,0.818,0.8,0.429,0.456,0.082,0.085,0.085,0.082,0.085,0.081,0.079,0.082
14.25,1.366,1.252,1.108,1.051,0.439,0.457,0.087,0.907,0.894,0.835,0.802,0.458,0.463,0.082,0.903,0.877,0.823,0.8,0.432,0.515,0.083,0.905,0.887,0.826,0.812,0.462,0.451,0.084,0.084,0.084,0.081,0.084,0.081,0.08,0.081
14.33333333,1.366,1.251,1.104,1.049,0.417,0.444,0.087,0.901,0.894,0.83,0.805,0.447,0.446,0.083,0.91,0.885,0.833,0.823,0.441,0.502,0.082,0.91,0.878,0.824,0.804,0.46,0.449,0.082,0.084,0.084,0.081,0.084,0.081,0.08,0.081
14.41666667,1.364,1.255,1.108,1.051,0.424,0.443,0.088,0.896,0.89,0.836,0.808,0.442,0.458,0.084,0.914,0.89,0.835,0.812,0.458,0.515,0.084,0.911,0.88,0.814,0.799,0.459,0.44,0.082,0.083,0.084,0.081,0.084,0.081,0.08,0.081
14.5,1.366,1.264,1.112,1.051,0.417,0.447,0.087,0.9,0.895,0.834,0.805,0.461,0.431,0.083,0.908,0.893,0.829,0.809,0.44,0.504,0.082,0.904,0.875,0.824,0.795,0.439,0.456,0.083,0.084,0.085,0.082,0.084,0.082,0.08,0.081
14.58333333,1.37,1.258,1.117,1.06,0.426,0.474,0.089,0.903,0.896,0.836,0.804,0.451,0.449,0.083,0.914,0.89,0.829,0.813,0.471,0.514,0.083,0.907,0.886,0.834,0.808,0.456,0.45,0.083,0.084,0.084,0.081,0.084,0.081,0.079,0.08
14.66666667,1.368,1.256,1.121,1.057,0.433,0.469,0.087,0.901,0.891,0.836,0.806,0.445,0.433,0.082,0.912,0.885,0.83,0.801,0.46,0.512,0.083,0.901,0.879,0.821,0.799,0.444,0.462,0.083,0.085,0.085,0.081,0.085,0.082,0.081,0.081
14.75,1.369,1.262,1.123,1.063,0.423,0.466,0.087,0.903,0.896,0.841,0.809,0.445,0.454,0.082,0.908,0.893,0.831,0.803,0.464,0.509,0.083,0.907,0.89,0.83,0.815,0.444,0.445,0.085,0.084,0.084,0.08,0.084,0.081,0.08,0.081
14.83333333,1.371,1.262,1.129,1.066,0.428,0.465,0.089,0.903,0.89,0.84,0.805,0.45,0.449,0.083,0.911,0.89,0.829,0.808,0.444,0.516,0.083,0.904,0.881,0.83,0.81,0.452,0.441,0.084,0.085,0.085,0.081,0.084,0.081,0.08,0.08
14.91666667,1.371,1.265,1.13,1.071,0.439,0.476,0.09,0.907,0.897,0.836,0.81,0.462,0.462,0.082,0.908,0.893,0.831,0.812,0.453,0.52,0.081,0.907,0.887,0.827,0.807,0.454,0.434,0.084,0.083,0.084,0.08,0.084,0.08,0.078,0.08
15,1.371,1.268,1.131,1.065,0.427,0.452,0.087,0.894,0.892,0.832,0.804,0.446,0.433,0.083,0.913,0.896,0.835,0.817,0.462,0.526,0.083,0.902,0.881,0.81,0.808,0.476,0.47,0.084,0.085,0.086,0.083,0.086,0.082,0.082,0.083
15.08333333,1.372,1.273,1.131,1.065,0.406,0.424,0.089,0.899,0.896,0.837,0.808,0.456,0.478,0.083,0.909,0.887,0.827,0.814,0.435,0.501,0.082,0.92,0.887,0.834,0.816,0.477,0.479,0.084,0.084,0.084,0.082,0.084,0.081,0.08,0.082
15.16666667,1.37,1.272,1.133,1.073,0.404,0.416,0.092,0.899,0.894,0.837,0.808,0.454,0.457,0.082,0.913,0.885,0.831,0.805,0.455,0.514,0.082,0.909,0.889,0.826,0.819,0.493,0.482,0.085,0.085,0.084,0.081,0.084,0.081,0.078,0.081
15.25,1.379,1.271,1.139,1.075,0.436,0.443,0.088,0.901,0.894,0.826,0.798,0.45,0.435,0.083,0.914,0.897,0.826,0.814,0.462,0.507,0.083,0.902,0.891,0.819,0.822,0.496,0.457,0.086,0.086,0.087,0.082,0.086,0.082,0.081,0.082
15.33333333,1.38,1.276,1.143,1.074,0.432,0.45,0.094,0.909,0.902,0.839,0.808,0.456,0.436,0.082,0.908,0.893,0.831,0.814,0.443,0.507,0.081,0.904,0.879,0.827,0.816,0.449,0.456,0.085,0.083,0.084,0.08,0.084,0.081,0.079,0.081
15.41666667,1.377,1.275,1.147,1.081,0.439,0.458,0.09,0.904,0.901,0.835,0.805,0.445,0.442,0.083,0.915,0.892,0.834,0.814,0.449,0.53,0.085,0.899,0.881,0.825,0.813,0.453,0.446,0.085,0.084,0.084,0.082,0.085,0.081,0.08,0.081
15.5,1.38,1.275,1.145,1.085,0.441,0.47,0.087,0.912,0.91,0.851,0.81,0.491,0.465,0.082,0.919,0.887,0.824,0.803,0.448,0.533,0.082,0.903,0.884,0.827,0.817,0.487,0.439,0.082,0.083,0.084,0.081,0.086,0.081,0.081,0.081
15.58333333,1.381,1.274,1.147,1.086,0.432,0.45,0.089,0.905,0.896,0.846,0.817,0.466,0.503,0.085,0.916,0.899,0.835,0.81,0.442,0.504,0.083,0.906,0.89,0.835,0.817,0.451,0.457,0.083,0.085,0.084,0.081,0.084,0.081,0.08,0.08
15.66666667,1.38,1.273,1.145,1.08,0.424,0.439,0.088,0.908,0.902,0.844,0.81,0.466,0.454,0.081,0.929,0.894,0.843,0.817,0.458,0.518,0.082,0.905,0.889,0.816,0.808,0.473,0.434,0.082,0.083,0.084,0.08,0.084,0.08,0.079,0.081
15.75,1.38,1.282,1.155,1.09,0.435,0.478,0.088,0.896,0.893,0.837,0.804,0.444,0.453,0.084,0.924,0.896,0.842,0.81,0.47,0.507,0.083,0.903,0.877,0.822,0.808,0.455,0.462,0.084,0.085,0.086,0.082,0.084,0.082,0.08,0.081
15.83333333,1.383,1.288,1.156,1.092,0.43,0.475,0.088,0.9,0.897,0.832,0.805,0.444,0.447,0.083,0.912,0.879,0.83,0.799,0.466,0.499,0.083,0.908,0.882,0.827,0.806,0.446,0.453,0.083,0.085,0.085,0.081,0.085,0.082,0.08,0.081
15.91666667,1.381,1.284,1.157,1.094,0.426,0.464,0.087,0.909,0.898,0.842,0.812,0.455,0.449,0.084,0.921,0.893,0.85,0.816,0.519,0.587,0.085,0.899,0.877,0.817,0.801,0.47,0.464,0.083,0.085,0.085,0.081,0.085,0.081,0.08,0.081
16,1.385,1.284,1.158,1.095,0.425,0.443,0.089,0.905,0.903,0.835,0.803,0.463,0.472,0.085,0.922,0.898,0.846,0.809,0.515,0.571,0.084,0.906,0.891,0.829,0.828,0.476,0.455,0.086,0.086,0.085,0.082,0.085,0.082,0.08,0.081
16.08333333,1.385,1.29,1.166,1.099,0.439,0.476,0.086,0.9,0.892,0.835,0.8,0.45,0.454,0.083,0.93,0.91,0.857,0.823,0.545,0.605,0.084,0.906,0.885,0.832,0.815,0.457,0.448,0.084,0.084,0.085,0.08,0.085,0.081,0.079,0.08
16.16666667,1.382,1.287,1.161,1.096,0.428,0.468,0.085,0.904,0.894,0.826,0.799,0.435,0.428,0.087,0.926,0.908,0.842,0.828,0.505,0.555,0.084,0.904,0.882,0.817,0.815,0.467,0.464,0.082,0.086,0.085,0.082,0.086,0.082,0.081,0.083
16.25,1.384,1.288,1.16,1.095,0.433,0.484,0.088,0.911,0.91,0.841,0.802,0.463,0.446,0.083,0.92,0.897,0.844,0.828,0.443,0.504,0.082,0.911,0.89,0.836,0.825,0.468,0.468,0.086,0.085,0.084,0.081,0.085,0.081,0.081,0.082
16.33333333,1.387,1.288,1.163,1.099,0.426,0.475,0.084,0.901,0.895,0.834,0.799,0.448,0.433,0.086,0.923,0.91,0.839,0.822,0.488,0.537,0.083,0.906,0.877,0.823,0.81,0.455,0.461,0.082,0.084,0.085,0.082,0.085,0.082,0.081,0.081
16.41666667,1.386,1.292,1.165,1.101,0.438,0.483,0.088,0.897,0.893,0.837,0.8,0.445,0.425,0.084,0.92,0.902,0.838,0.82,0.474,0.528,0.083,0.91,0.89,0.829,0.817,0.478,0.458,0.083,0.084,0.085,0.082,0.085,0.082,0.08,0.081
16.5,1.387,1.288,1.164,1.104,0.427,0.464,0.089,0.902,0.898,0.843,0.804,0.465,0.461,0.083,0.91,0.896,0.828,0.816,0.436,0.497,0.081,0.898,0.881,0.838,0.8,0.441,0.411,0.084,0.084,0.083,0.081,0.084,0.08,0.079,0.08
16.58333333,1.392,1.292,1.168,1.111,0.435,0.482,0.089,0.913,0.903,0.846,0.808,0.468,0.444,0.083,0.904,0.89,0.832,0.814,0.435,0.505,0.081,0.9,0.892,0.848,0.81,0.463,0.42,0.087,0.084,0.084,0.082,0.084,0.081,0.08,0.081
16.66666667,1.388,1.291,1.158,1.103,0.401,0.421,0.091,0.908,0.899,0.855,0.81,0.472,0.444,0.084,0.912,0.889,0.834,0.821,0.44,0.521,0.081,0.924,0.895,0.855,0.807,0.48,0.414,0.084,0.084,0.083,0.08,0.084,0.081,0.079,0.08
16.75,1.387,1.297,1.171,1.113,0.439,0.483,0.087,0.904,0.897,0.841,0.804,0.455,0.424,0.083,0.913,0.891,0.831,0.819,0.445,0.505,0.082,0.916,0.894,0.849,0.813,0.479,0.434,0.087,0.085,0.086,0.082,0.086,0.082,0.081,0.082
16.83333333,1.39,1.295,1.169,1.113,0.418,0.424,0.091,0.909,0.902,0.853,0.811,0.47,0.45,0.083,0.915,0.893,0.838,0.818,0.436,0.497,0.081,0.905,0.892,0.83,0.826,0.478,0.448,0.085,0.085,0.083,0.081,0.083,0.08,0.08,0.08
16.91666667,1.392,1.298,1.175,1.12,0.425,0.449,0.09,0.9,0.9,0.847,0.814,0.445,0.443,0.083,0.929,0.904,0.836,0.813,0.511,0.564,0.084,0.902,0.882,0.825,0.804,0.434,0.453,0.083,0.085,0.085,0.082,0.086,0.082,0.081,0.082
17,1.393,1.299,1.175,1.124,0.43,0.472,0.086,0.913,0.912,0.846,0.814,0.465,0.456,0.082,0.93,0.913,0.851,0.831,0.526,0.603,0.083,0.909,0.885,0.829,0.791,0.438,0.442,0.083,0.083,0.083,0.08,0.083,0.08,0.079,0.08
17.08333333,1.391,1.301,1.177,1.123,0.434,0.451,0.09,0.908,0.911,0.843,0.809,0.464,0.433,0.084,0.927,0.916,0.858,0.836,0.472,0.522,0.084,0.907,0.886,0.824,0.801,0.433,0.465,0.084,0.084,0.084,0.082,0.085,0.081,0.081,0.082
17.16666667,1.394,1.301,1.172,1.125,0.414,0.463,0.085,0.904,0.893,0.835,0.806,0.452,0.458,0.084,0.924,0.904,0.844,0.826,0.456,0.512,0.083,0.919,0.877,0.823,0.795,0.448,0.451,0.082,0.084,0.084,0.082,0.085,0.081,0.08,0.082
17.25,1.391,1.301,1.178,1.125,0.427,0.458,0.086,0.9,0.896,0.835,0.795,0.446,0.458,0.084,0.918,0.902,0.837,0.82,0.449,0.518,0.083,0.906,0.878,0.819,0.79,0.436,0.459,0.081,0.084,0.084,0.081,0.084,0.081,0.081,0.079
17.33333333,1.393,1.308,1.186,1.13,0.433,0.479,0.087,0.908,0.905,0.846,0.811,0.459,0.44,0.082,0.914,0.896,0.839,0.819,0.465,0.527,0.083,0.902,0.88,0.83,0.803,0.437,0.47,0.081,0.086,0.084,0.081,0.084,0.082,0.079,0.08
17.41666667,1.395,1.308,1.179,1.127,0.424,0.458,0.09,0.91,0.902,0.847,0.809,0.468,0.471,0.086,0.918,0.898,0.828,0.816,0.458,0.513,0.082,0.908,0.884,0.831,0.803,0.455,0.462,0.083,0.085,0.084,0.082,0.084,0.081,0.081,0.081
17.5,1.397,1.308,1.179,1.128,0.408,0.444,0.092,0.908,0.9,0.846,0.806,0.446,0.467,0.084,0.909,0.892,0.834,0.818,0.441,0.505,0.081,0.904,0.892,0.836,0.822,0.46,0.457,0.084,0.085,0.084,0.081,0.084,0.081,0.079,0.081
17.58333333,1.397,1.312,1.186,1.13,0.43,0.484,0.088,0.906,0.892,0.829,0.796,0.434,0.46,0.083,0.918,0.899,0.844,0.817,0.47,0.512,0.083,0.902,0.877,0.826,0.799,0.438,0.448,0.082,0.085,0.084,0.081,0.084,0.081,0.08,0.08
17.66666667,1.398,1.314,1.184,1.128,0.444,0.465,0.089,0.903,0.898,0.834,0.795,0.441,0.442,0.084,0.915,0.893,0.842,0.817,0.451,0.516,0.082,0.907,0.884,0.828,0.803,0.448,0.468,0.084,0.085,0.084,0.08,0.084,0.081,0.08,0.081
17.75,1.397,1.315,1.183,1.129,0.443,0.456,0.087,0.904,0.897,0.845,0.8,0.449,0.457,0.083,0.915,0.898,0.838,0.827,0.444,0.498,0.081,0.909,0.886,0.831,0.812,0.454,0.471,0.082,0.085,0.084,0.082,0.085,0.081,0.08,0.08
17.83333333,1.399,1.314,1.188,1.128,0.428,0.466,0.09,0.912,0.911,0.848,0.816,0.457,0.425,0.082,0.916,0.899,0.84,0.812,0.474,0.522,0.083,0.897,0.88,0.831,0.81,0.451,0.456,0.082,0.086,0.084,0.081,0.083,0.081,0.079,0.081
17.91666667,1.405,1.325,1.193,1.133,0.411,0.438,0.097,0.909,0.904,0.845,0.809,0.447,0.447,0.082,0.911,0.891,0.839,0.82,0.453,0.521,0.082,0.902,0.884,0.834,0.821,0.458,0.46,0.082,0.085,0.084,0.081,0.084,0.081,0.08,0.08
18,1.401,1.317,1.188,1.134,0.427,0.471,0.087,0.908,0.903,0.835,0.805,0.463,0.43,0.082,0.92,0.91,0.837,0.823,0.481,0.511,0.082,0.912,0.879,0.823,0.794,0.454,0.444,0.081,0.084,0.084,0.082,0.083,0.08,0.078,0.079
18.08333333,1.398,1.317,1.184,1.129,0.409,0.432,0.09,0.909,0.902,0.847,0.815,0.464,0.469,0.084,0.909,0.886,0.827,0.815,0.444,0.508,0.08,0.901,0.885,0.844,0.812,0.461,0.446,0.085,0.085,0.084,0.08,0.083,0.08,0.079,0.081
18.16666667,1.398,1.321,1.19,1.131,0.427,0.463,0.089,0.904,0.901,0.844,0.809,0.444,0.437,0.083,0.912,0.902,0.833,0.815,0.457,0.51,0.084,0.902,0.88,0.827,0.801,0.441,0.456,0.082,0.085,0.085,0.082,0.085,0.081,0.08,0.082
18.25,1.401,1.321,1.194,1.136,0.436,0.484,0.09,0.901,0.902,0.848,0.817,0.448,0.43,0.082,0.91,0.895,0.833,0.816,0.445,0.494,0.083,0.908,0.884,0.833,0.804,0.441,0.467,0.082,0.086,0.085,0.082,0.085,0.083,0.08,0.082
18.33333333,1.4,1.322,1.194,1.134,0.433,0.456,0.091,0.908,0.908,0.846,0.813,0.458,0.466,0.083,0.909,0.893,0.832,0.816,0.445,0.493,0.081,0.904,0.889,0.836,0.808,0.467,0.455,0.083,0.085,0.084,0.081,0.084,0.081,0.079,0.08
18.41666667,1.4,1.318,1.19,1.131,0.419,0.429,0.089,0.906,0.91,0.847,0.817,0.459,0.469,0.084,0.91,0.89,0.827,0.817,0.447,0.513,0.081,0.906,0.889,0.837,0.821,0.47,0.454,0.085,0.085,0.085,0.08,0.084,0.08,0.079,0.081
18.5,1.403,1.324,1.194,1.133,0.439,0.481,0.088,0.912,0.915,0.851,0.819,0.468,0.454,0.081,0.914,0.901,0.84,0.819,0.458,0.535,0.081,0.908,0.88,0.833,0.802,0.459,0.459,0.083,0.085,0.083,0.08,0.083,0.081,0.078,0.08
18.58333333,1.402,1.325,1.192,1.133,0.424,0.45,0.092,0.897,0.901,0.849,0.808,0.436,0.443,0.085,0.921,0.899,0.832,0.817,0.466,0.521,0.083,0.904,0.878,0.824,0.805,0.458,0.458,0.083,0.085,0.083,0.081,0.085,0.081,0.079,0.081
18.66666667,1.405,1.324,1.192,1.129,0.431,0.459,0.086,0.908,0.899,0.847,0.811,0.462,0.459,0.083,0.922,0.905,0.84,0.828,0.448,0.534,0.08,0.906,0.88,0.827,0.803,0.465,0.456,0.082,0.084,0.084,0.08,0.084,0.081,0.08,0.081
18.75,1.403,1.325,1.196,1.132,0.431,0.439,0.091,0.911,0.902,0.84,0.815,0.447,0.447,0.083,0.916,0.895,0.835,0.821,0.439,0.515,0.082,0.904,0.879,0.825,0.799,0.434,0.461,0.082,0.085,0.084,0.081,0.085,0.082,0.081,0.08
18.83333333,1.4,1.322,1.192,1.129,0.422,0.451,0.089,0.905,0.901,0.846,0.813,0.444,0.449,0.082,0.916,0.894,0.832,0.817,0.461,0.51,0.081,0.903,0.88,0.83,0.808,0.449,0.46,0.082,0.085,0.084,0.081,0.085,0.081,0.079,0.081
18.91666667,1.405,1.327,1.197,1.135,0.434,0.475,0.088,0.903,0.9,0.842,0.811,0.447,0.445,0.082,0.915,0.896,0.839,0.817,0.464,0.509,0.082,0.902,0.885,0.833,0.808,0.445,0.46,0.082,0.086,0.085,0.082,0.085,0.081,0.08,0.081
19,1.403,1.33,1.199,1.135,0.446,0.492,0.086,0.902,0.894,0.841,0.809,0.445,0.425,0.083,0.915,0.894,0.833,0.811,0.46,0.512,0.083,0.906,0.879,0.833,0.804,0.455,0.447,0.082,0.086,0.085,0.082,0.085,0.082,0.08,0.08
19.08333333,1.404,1.328,1.196,1.131,0.439,0.459,0.09,0.905,0.904,0.846,0.811,0.443,0.432,0.083,0.912,0.89,0.838,0.819,0.446,0.523,0.083,0.906,0.878,0.831,0.808,0.458,0.454,0.082,0.086,0.085,0.081,0.085,0.081,0.079,0.081
19.16666667,1.405,1.334,1.198,1.133,0.437,0.461,0.09,0.908,0.907,0.842,0.807,0.442,0.422,0.084,0.915,0.897,0.836,0.824,0.437,0.499,0.082,0.909,0.88,0.829,0.808,0.446,0.467,0.082,0.086,0.084,0.081,0.085,0.081,0.079,0.08
19.25,1.404,1.332,1.199,1.134,0.441,0.465,0.091,0.909,0.903,0.851,0.812,0.44,0.441,0.083,0.912,0.892,0.836,0.817,0.459,0.52,0.082,0.901,0.879,0.831,0.808,0.462,0.447,0.081,0.085,0.084,0.081,0.084,0.08,0.079,0.08
19.33333333,1.403,1.331,1.198,1.136,0.438,0.487,0.086,0.909,0.898,0.844,0.815,0.446,0.436,0.082,0.91,0.894,0.833,0.819,0.435,0.498,0.082,0.911,0.874,0.833,0.805,0.466,0.457,0.082,0.085,0.084,0.081,0.084,0.081,0.079,0.08
19.41666667,1.404,1.328,1.196,1.132,0.449,0.483,0.086,0.905,0.898,0.844,0.806,0.451,0.435,0.083,0.915,0.899,0.833,0.822,0.442,0.51,0.081,0.91,0.877,0.829,0.806,0.458,0.465,0.082,0.086,0.084,0.081,0.084,0.081,0.079,0.08
19.5,1.405,1.33,1.199,1.139,0.442,0.456,0.089,0.908,0.909,0.845,0.818,0.441,0.459,0.082,0.916,0.897,0.837,0.82,0.452,0.514,0.081,0.907,0.89,0.837,0.818,0.453,0.444,0.083,0.086,0.084,0.081,0.083,0.081,0.079,0.08
19.58333333,1.405,1.333,1.202,1.138,0.44,0.492,0.086,0.913,0.912,0.852,0.819,0.459,0.439,0.081,0.92,0.905,0.84,0.82,0.453,0.52,0.081,0.907,0.885,0.834,0.802,0.442,0.434,0.081,0.085,0.084,0.08,0.084,0.081,0.08,0.08
19.66666667,1.405,1.333,1.195,1.131,0.419,0.439,0.09,0.901,0.899,0.838,0.802,0.445,0.44,0.084,0.918,0.893,0.833,0.821,0.446,0.51,0.081,0.903,0.877,0.831,0.801,0.455,0.46,0.083,0.085,0.084,0.081,0.083,0.08,0.079,0.08
19.75,1.407,1.333,1.203,1.137,0.433,0.486,0.086,0.901,0.895,0.831,0.801,0.452,0.447,0.084,0.915,0.896,0.83,0.821,0.446,0.487,0.082,0.908,0.885,0.835,0.801,0.437,0.474,0.083,0.086,0.085,0.082,0.085,0.082,0.08,0.081
19.83333333,1.406,1.338,1.203,1.138,0.44,0.506,0.087,0.904,0.896,0.835,0.805,0.448,0.445,0.084,0.915,0.895,0.829,0.811,0.461,0.519,0.083,0.913,0.878,0.836,0.804,0.461,0.451,0.082,0.085,0.086,0.081,0.085,0.081,0.08,0.08
19.91666667,1.407,1.338,1.205,1.136,0.425,0.468,0.089,0.909,0.898,0.852,0.818,0.447,0.472,0.083,0.918,0.895,0.836,0.821,0.441,0.522,0.081,0.905,0.875,0.829,0.798,0.422,0.46,0.081,0.085,0.084,0.081,0.084,0.081,0.08,0.08
20,1.405,1.339,1.201,1.134,0.431,0.481,0.088,0.898,0.898,0.845,0.812,0.45,0.452,0.083,0.921,0.9,0.832,0.818,0.455,0.505,0.081,0.901,0.877,0.829,0.8,0.455,0.458,0.082,0.086,0.084,0.08,0.084,0.081,0.079,0.081
20.08333333,1.406,1.34,1.207,1.132,0.439,0.492,0.088,0.908,0.899,0.839,0.8,0.443,0.417,0.082,0.922,0.896,0.831,0.805,0.475,0.539,0.084,0.907,0.877,0.827,0.794,0.446,0.446,0.082,0.086,0.085,0.082,0.085,0.081,0.08,0.08
20.16666667,1.407,1.336,1.203,1.133,0.424,0.482,0.086,0.913,0.909,0.851,0.821,0.471,0.465,0.082,0.917,0.895,0.825,0.803,0.468,0.523,0.082,0.907,0.877,0.829,0.797,0.419,0.449,0.08,0.084,0.083,0.079,0.084,0.08,0.079,0.079
20.25,1.405,1.336,1.201,1.13,0.429,0.452,0.09,0.906,0.904,0.842,0.806,0.448,0.449,0.084,0.916,0.894,0.839,0.812,0.471,0.519,0.089,0.907,0.884,0.826,0.8,0.442,0.447,0.082,0.085,0.083,0.081,0.084,0.08,0.08,0.08
20.33333333,1.407,1.338,1.202,1.135,0.425,0.463,0.09,0.911,0.902,0.852,0.818,0.45,0.452,0.082,0.914,0.888,0.816,0.8,0.45,0.522,0.082,0.904,0.887,0.832,0.808,0.44,0.459,0.083,0.086,0.084,0.08,0.083,0.08,0.079,0.08
20.41666667,1.405,1.337,1.198,1.129,0.424,0.464,0.09,0.911,0.901,0.858,0.824,0.47,0.46,0.082,0.918,0.892,0.838,0.811,0.453,0.514,0.082,0.9,0.888,0.833,0.802,0.455,0.447,0.082,0.084,0.083,0.08,0.082,0.08,0.079,0.08
20.5,1.406,1.345,1.206,1.141,0.438,0.491,0.087,0.901,0.901,0.843,0.814,0.448,0.437,0.082,0.914,0.886,0.82,0.797,0.437,0.542,0.084,0.901,0.875,0.832,0.803,0.443,0.468,0.082,0.086,0.085,0.081,0.084,0.081,0.08,0.08
20.58333333,1.407,1.339,1.2,1.129,0.436,0.471,0.088,0.909,0.904,0.846,0.809,0.448,0.428,0.083,0.914,0.891,0.833,0.825,0.439,0.52,0.081,0.907,0.876,0.827,0.801,0.442,0.459,0.082,0.088,0.087,0.084,0.087,0.083,0.082,0.083
20.66666667,1.407,1.341,1.202,1.134,0.43,0.487,0.087,0.912,0.909,0.849,0.815,0.46,0.447,0.082,0.913,0.892,0.831,0.82,0.439,0.522,0.081,0.911,0.877,0.827,0.803,0.452,0.457,0.081,0.087,0.086,0.083,0.087,0.082,0.082,0.082
20.75,1.408,1.346,1.206,1.136,0.441,0.486,0.089,0.902,0.899,0.847,0.815,0.448,0.433,0.083,0.917,0.89,0.826,0.807,0.463,0.549,0.084,0.91,0.876,0.835,0.803,0.445,0.467,0.082,0.087,0.085,0.081,0.085,0.082,0.08,0.081
20.83333333,1.408,1.341,1.201,1.139,0.449,0.489,0.09,0.905,0.901,0.848,0.815,0.448,0.448,0.083,0.921,0.897,0.832,0.826,0.476,0.526,0.083,0.901,0.882,0.831,0.814,0.466,0.463,0.085,0.086,0.085,0.082,0.085,0.081,0.08,0.081
20.91666667,1.41,1.344,1.208,1.137,0.445,0.487,0.09,0.912,0.903,0.846,0.817,0.454,0.44,0.083,0.917,0.899,0.837,0.818,0.457,0.507,0.083,0.911,0.877,0.828,0.789,0.414,0.471,0.084,0.086,0.085,0.081,0.085,0.081,0.08,0.081
21,1.408,1.342,1.203,1.136,0.448,0.51,0.089,0.909,0.907,0.846,0.809,0.451,0.427,0.082,0.921,0.894,0.826,0.813,0.467,0.539,0.081,0.912,0.887,0.836,0.818,0.485,0.464,0.087,0.085,0.084,0.08,0.084,0.082,0.079,0.08
21.08333333,1.41,1.343,1.202,1.132,0.441,0.483,0.09,0.907,0.906,0.85,0.813,0.454,0.437,0.083,0.922,0.891,0.832,0.809,0.462,0.561,0.083,0.91,0.886,0.838,0.818,0.478,0.447,0.084,0.085,0.084,0.081,0.084,0.082,0.079,0.079
21.16666667,1.408,1.349,1.201,1.131,0.423,0.463,0.091,0.907,0.901,0.845,0.819,0.442,0.434,0.084,0.913,0.884,0.821,0.806,0.432,0.538,0.084,0.907,0.873,0.826,0.805,0.451,0.447,0.083,0.085,0.084,0.08,0.084,0.081,0.079,0.08
21.25,1.407,1.345,1.198,1.127,0.434,0.459,0.088,0.904,0.899,0.841,0.806,0.442,0.448,0.083,0.929,0.892,0.822,0.802,0.456,0.535,0.086,0.9,0.884,0.831,0.816,0.46,0.467,0.086,0.086,0.085,0.082,0.085,0.082,0.081,0.081
21.33333333,1.416,1.35,1.208,1.141,0.447,0.485,0.09,0.912,0.907,0.848,0.819,0.461,0.445,0.082,0.915,0.895,0.831,0.82,0.437,0.509,0.082,0.904,0.883,0.841,0.822,0.457,0.448,0.086,0.086,0.085,0.081,0.083,0.08,0.078,0.08
21.41666667,1.407,1.346,1.199,1.131,0.436,0.472,0.092,0.909,0.899,0.84,0.801,0.467,0.451,0.084,0.921,0.892,0.835,0.827,0.445,0.511,0.082,0.904,0.878,0.839,0.815,0.458,0.452,0.084,0.086,0.084,0.08,0.083,0.08,0.08,0.08
21.5,1.408,1.345,1.2,1.125,0.426,0.453,0.093,0.906,0.9,0.836,0.795,0.463,0.441,0.085,0.913,0.895,0.841,0.824,0.442,0.518,0.082,0.909,0.88,0.834,0.813,0.462,0.474,0.084,0.085,0.084,0.081,0.085,0.082,0.081,0.082
21.58333333,1.409,1.345,1.198,1.13,0.435,0.484,0.093,0.909,0.907,0.839,0.811,0.467,0.453,0.083,0.916,0.896,0.837,0.822,0.454,0.512,0.082,0.905,0.881,0.828,0.808,0.441,0.458,0.085,0.086,0.084,0.082,0.085,0.082,0.08,0.082
21.66666667,1.409,1.347,1.2,1.129,0.437,0.491,0.087,0.91,0.907,0.843,0.816,0.46,0.457,0.083,0.93,0.905,0.846,0.826,0.475,0.525,0.082,0.905,0.889,0.833,0.822,0.463,0.455,0.086,0.086,0.084,0.081,0.084,0.081,0.079,0.08
21.75,1.411,1.349,1.2,1.125,0.409,0.452,0.096,0.915,0.901,0.847,0.814,0.479,0.448,0.083,0.914,0.891,0.831,0.825,0.436,0.502,0.082,0.919,0.89,0.84,0.822,0.474,0.479,0.086,0.085,0.084,0.081,0.085,0.081,0.079,0.081
21.83333333,1.41,1.348,1.189,1.126,0.436,0.446,0.095,0.903,0.898,0.847,0.815,0.458,0.444,0.085,0.918,0.897,0.83,0.825,0.437,0.503,0.082,0.909,0.875,0.83,0.801,0.451,0.471,0.085,0.085,0.084,0.081,0.085,0.081,0.08,0.083
21.91666667,1.407,1.349,1.199,1.127,0.414,0.45,0.098,0.908,0.901,0.847,0.815,0.455,0.423,0.083,0.918,0.897,0.843,0.826,0.466,0.515,0.084,0.9,0.881,0.828,0.813,0.455,0.465,0.088,0.087,0.084,0.082,0.085,0.082,0.08,0.081
22,1.411,1.349,1.191,1.128,0.444,0.431,0.095,0.903,0.899,0.849,0.82,0.451,0.463,0.083,0.918,0.896,0.833,0.829,0.467,0.531,0.083,0.902,0.882,0.826,0.809,0.488,0.448,0.085,0.086,0.084,0.081,0.085,0.081,0.08,0.081
22.08333333,1.407,1.354,1.195,1.128,0.426,0.448,0.094,0.916,0.908,0.855,0.826,0.474,0.469,0.081,0.919,0.894,0.835,0.822,0.456,0.525,0.082,0.909,0.879,0.841,0.823,0.486,0.461,0.082,0.085,0.082,0.08,0.083,0.08,0.078,0.079
22.16666667,1.41,1.353,1.206,1.136,0.44,0.489,0.091,0.909,0.902,0.842,0.814,0.457,0.452,0.083,0.926,0.889,0.83,0.81,0.52,0.583,0.085,0.904,0.891,0.841,0.819,0.44,0.46,0.086,0.085,0.084,0.081,0.084,0.081,0.079,0.08
22.25,1.412,1.353,1.201,1.13,0.427,0.479,0.094,0.914,0.904,0.848,0.814,0.47,0.46,0.084,0.93,0.906,0.838,0.828,0.477,0.526,0.083,0.904,0.882,0.833,0.809,0.447,0.461,0.084,0.085,0.084,0.08,0.084,0.081,0.08,0.08
22.33333333,1.412,1.353,1.195,1.136,0.441,0.49,0.089,0.907,0.899,0.847,0.817,0.452,0.454,0.084,0.919,0.916,0.837,0.828,0.472,0.511,0.082,0.904,0.883,0.837,0.81,0.454,0.465,0.083,0.086,0.085,0.081,0.084,0.081,0.08,0.08
22.41666667,1.409,1.353,1.194,1.126,0.434,0.467,0.09,0.9,0.896,0.848,0.816,0.449,0.457,0.084,0.927,0.9,0.842,0.827,0.471,0.533,0.084,0.901,0.872,0.825,0.796,0.434,0.448,0.082,0.086,0.086,0.08,0.084,0.081,0.079,0.079
22.5,1.411,1.353,1.19,1.123,0.423,0.442,0.095,0.906,0.901,0.846,0.813,0.451,0.452,0.083,0.912,0.889,0.831,0.821,0.45,0.518,0.082,0.907,0.883,0.839,0.818,0.455,0.451,0.084,0.086,0.085,0.081,0.084,0.081,0.079,0.08
22.58333333,1.411,1.358,1.198,1.135,0.455,0.491,0.089,0.913,0.886,0.822,0.81,0.442,0.463,0.082,0.914,0.895,0.826,0.813,0.472,0.536,0.084,0.902,0.875,0.833,0.813,0.453,0.47,0.082,0.086,0.084,0.081,0.084,0.081,0.08,0.081
22.66666667,1.408,1.352,1.192,1.119,0.417,0.444,0.095,0.903,0.892,0.851,0.813,0.46,0.471,0.083,0.911,0.894,0.835,0.817,0.441,0.5,0.082,0.907,0.883,0.835,0.812,0.451,0.451,0.085,0.086,0.084,0.081,0.084,0.08,0.079,0.08
22.75,1.409,1.352,1.193,1.121,0.431,0.473,0.091,0.908,0.896,0.836,0.809,0.455,0.421,0.082,0.916,0.892,0.834,0.82,0.469,0.517,0.082,0.902,0.875,0.833,0.808,0.456,0.462,0.084,0.086,0.084,0.082,0.085,0.081,0.079,0.08
